{
  "timestamp": "2025-08-09T20:58:54.227370",
  "config_file": "configs/hardware_example.yaml",
  "input_file": "data/hardware_test.csv",
  "generator_type": "constrained_ctgan",
  "data_shape": [
    200,
    11
  ],
  "synthetic_shape": [
    200,
    11
  ],
  "task_type": "regression",
  "delta_r": -7.297816371859059,
  "constraints": {
    "original": {
      "SumEqual_0": 0.96,
      "RangeConstraint_1": 1.0,
      "RangeConstraint_2": 0.985,
      "RangeConstraint_3": 0.985,
      "CorrelationConstraint_4": 0.0,
      "overall": 0.7859999999999999
    },
    "synthetic": {
      "SumEqual_0": 1.0,
      "RangeConstraint_1": 1.0,
      "RangeConstraint_2": 1.0,
      "RangeConstraint_3": 1.0,
      "CorrelationConstraint_4": 0.0,
      "overall": 0.8
    }
  },
  "statistics": {
    "original": {
      "material_density": {
        "mean": 2.699020679734896,
        "std": 0.09196254064223018,
        "min": 2.4380254895910256,
        "max": 2.972016916658962
      },
      "material_purity": {
        "mean": 0.9989895905632391,
        "std": 0.0009868117733316804,
        "min": 0.9946156868839992,
        "max": 0.9999890650817548
      },
      "supplier_id": {
        "mean": null,
        "std": null,
        "min": null,
        "max": null
      },
      "temperature": {
        "mean": 157.4611503553589,
        "std": 60.1852727940481,
        "min": 51.27717434336672,
        "max": 249.58682210666748
      },
      "pressure": {
        "mean": 3.2749505718400393,
        "std": 1.6284052042826975,
        "min": 0.6388231080781331,
        "max": 9.040439519348308
      },
      "duration": {
        "mean": 59.04894701866991,
        "std": 45.009807375853306,
        "min": 1.813164818827374,
        "max": 233.60671279557695
      },
      "cooling_rate": {
        "mean": 16.14078856607639,
        "std": 7.788152323071947,
        "min": 1.0,
        "max": 32.142486494396785
      },
      "energy_heat": {
        "mean": 32.80291402261492,
        "std": 16.818780934252118,
        "min": 3.2399328137139203,
        "max": 83.03581105819232
      },
      "energy_kinetic": {
        "mean": 51.27386535908812,
        "std": 18.185592342469526,
        "min": 8.106069155376423,
        "max": 89.7514893461458
      },
      "energy_potential": {
        "mean": 16.31913443158708,
        "std": 13.499040683171904,
        "min": 0.0171823628324031,
        "max": 66.75645465408525
      }
    },
    "synthetic": {
      "material_density": {
        "mean": 2.6746343191989914,
        "std": 0.08079561926687455,
        "min": 2.491488291997561,
        "max": 2.861905685922584
      },
      "material_purity": {
        "mean": 0.9991800480477248,
        "std": 0.0007541817051535067,
        "min": 0.9972511129589158,
        "max": 0.9999890650817548
      },
      "supplier_id": {
        "mean": null,
        "std": null,
        "min": null,
        "max": null
      },
      "temperature": {
        "mean": 160.27089474364374,
        "std": 57.586095889915036,
        "min": 51.27717434336672,
        "max": 249.58682210666748
      },
      "pressure": {
        "mean": 2.842626997978175,
        "std": 1.334621707959661,
        "min": 0.7171289846847622,
        "max": 8.858399064943818
      },
      "duration": {
        "mean": 75.15378050588924,
        "std": 58.9301347760523,
        "min": 7.7001201206150025,
        "max": 233.60671279557693
      },
      "cooling_rate": {
        "mean": 16.58948995013041,
        "std": 7.642655216296287,
        "min": 1.0,
        "max": 30.027962772320112
      },
      "energy_heat": {
        "mean": 34.99260142012303,
        "std": 13.313982221832466,
        "min": 7.671577176034685,
        "max": 82.39092386525274
      },
      "energy_kinetic": {
        "mean": 48.85723185143335,
        "std": 15.328130195127521,
        "min": 10.399869105450007,
        "max": 91.01690047569362
      },
      "energy_potential": {
        "mean": 17.40791422751697,
        "std": 9.436917127721236,
        "min": 0.01599821045931107,
        "max": 48.63114145604569
      }
    }
  }
}