{
  "timestamp": "2025-08-07T22:07:30.858966",
  "config_file": "configs/hardware_test_autogen.yaml",
  "input_file": "data/hardware_test.csv",
  "generator_type": "ctgan",
  "data_shape": [
    2000,
    11
  ],
  "synthetic_shape": [
    2000,
    11
  ],
  "task_type": "regression",
  "delta_r": -6.722631717633925,
  "constraints": {
    "original": {},
    "synthetic": {}
  },
  "statistics": {
    "original": {
      "material_density": {
        "mean": 2.7046734452898114,
        "std": 0.09865929453406917,
        "min": 2.375873265993093,
        "max": 3.0852731490654723
      },
      "material_purity": {
        "mean": 0.9990571015617535,
        "std": 0.0009366838617636101,
        "min": 0.9936364871603338,
        "max": 0.9999993506605876
      },
      "supplier_id": {
        "mean": null,
        "std": null,
        "min": null,
        "max": null
      },
      "temperature": {
        "mean": 151.31994376800347,
        "std": 58.00125959078769,
        "min": 50.031548915611346,
        "max": 249.93464104841848
      },
      "pressure": {
        "mean": 3.0286443994443806,
        "std": 1.5427154207725955,
        "min": 0.5026860041193659,
        "max": 10.0
      },
      "duration": {
        "mean": 60.85050353926157,
        "std": 42.69642135934302,
        "min": 0.4063813450047163,
        "max": 258.5254266434616
      },
      "cooling_rate": {
        "mean": 15.274579585115745,
        "std": 7.449301904175468,
        "min": 1.0,
        "max": 39.06512278422447
      },
      "energy_heat": {
        "mean": 33.32716144203661,
        "std": 18.053313953814058,
        "min": 1.0825639028037273,
        "max": 92.99071304389034
      },
      "energy_kinetic": {
        "mean": 49.57593662045793,
        "std": 18.95404728140076,
        "min": 3.1898280409611957,
        "max": 96.95282427021031
      },
      "energy_potential": {
        "mean": 17.1093242902572,
        "std": 14.047072279970113,
        "min": 0.0232104507733778,
        "max": 73.64014792416339
      }
    },
    "synthetic": {
      "material_density": {
        "mean": 2.741657179289181,
        "std": 0.1026102043808253,
        "min": 2.4596738276150982,
        "max": 3.024194936030348
      },
      "material_purity": {
        "mean": 0.9993684944726825,
        "std": 0.0005761521060459935,
        "min": 0.996539729532515,
        "max": 0.9999993506605876
      },
      "supplier_id": {
        "mean": null,
        "std": null,
        "min": null,
        "max": null
      },
      "temperature": {
        "mean": 123.64125574404014,
        "std": 54.49609844184586,
        "min": 50.031548915611346,
        "max": 245.83032101871805
      },
      "pressure": {
        "mean": 3.886541943478458,
        "std": 1.7058672630569167,
        "min": 1.051236222855314,
        "max": 10.0
      },
      "duration": {
        "mean": 57.86801249587513,
        "std": 36.44101652093156,
        "min": 0.4063813450047163,
        "max": 232.90413963552635
      },
      "cooling_rate": {
        "mean": 10.989061143032558,
        "std": 6.288248748225871,
        "min": 1.0,
        "max": 29.12544007736222
      },
      "energy_heat": {
        "mean": 23.172844689959025,
        "std": 15.911775114609734,
        "min": 1.0825639028037273,
        "max": 83.73115774449637
      },
      "energy_kinetic": {
        "mean": 55.89371550843499,
        "std": 19.91934963687159,
        "min": 9.667010860992796,
        "max": 96.95282427021031
      },
      "energy_potential": {
        "mean": 20.49651390440318,
        "std": 16.061191821351446,
        "min": 0.0232104507733778,
        "max": 73.64014792416339
      }
    }
  }
}